{
    "object": {
        "type": "Scene",
        "uuid": "14CC6831-7F1A-4F1D-8CF1-8CCF8B613A14",
        "matrix": [1,0,0,0,0,1,0,0,0,0,1,0,0,0,0,1],
        "children": [{
            "name": "animations",
            "uuid": "00AEF9CC-C2D4-32D6-935B-496972C21C19",
            "matrix": [-1,0,0,0,0,0,1,0,0,1,0,0,0,0,0,1],
            "visible": true,
            "type": "Object",
            "children": [{
                "name": "fox1",
                "uuid": "3E849A20-1C6B-3267-A503-DF4BC051134C",
                "matrix": [1,0,0,0,0,-0,-1,0,0,1,-0,0,0,0,0,1],
                "visible": true,
                "type": "Mesh",
                "material": "7F3E9304-B222-373C-8273-4FC2A0E612A8",
                "castShadow": true,
                "receiveShadow": true,
                "geometry": "7CCB042E-F3B5-326C-A20A-C5340F684067"
            }]
        },{
            "name": "Camera",
            "uuid": "DE0714B3-5D16-30EF-9A0A-6C5D6DD394B9",
            "matrix": [-1,0,0,0,0,1,-0,0,0,-0,-1,0,0,0,0,1],
            "visible": true,
            "type": "PerspectiveCamera",
            "far": 50000,
            "near": 0.1,
            "aspect": 1.77778,
            "fov": 38.6274
        },{
            "name": "Camera1",
            "uuid": "E2165BD7-4245-3960-8D49-88500343815D",
            "matrix": [-1,0,0,0,0,1,-0,0,0,-0,-1,0,0,0,0,1],
            "visible": true,
            "type": "PerspectiveCamera",
            "far": 50000,
            "near": 0.1,
            "aspect": 1.77778,
            "fov": 38.6274
        },{
            "name": "CameraPreset",
            "uuid": "B0C4E574-DECC-3D97-99F0-60577F3026BF",
            "matrix": [-1,0,0,0,0,0,1,0,0,1,0,0,0,0,0,1],
            "visible": true,
            "type": "Object",
            "children": [{
                "name": "OverCamera",
                "uuid": "3A903D80-5519-371F-BCA1-5F2EB376AEEF",
                "matrix": [0.740275,-0.672304,0,0,0.166723,0.183579,0.968763,0,-0.651304,-0.717151,0.247987,0,-72.1556,-101.636,68.8682,1],
                "visible": true,
                "type": "PerspectiveCamera",
                "far": 50000,
                "near": 0.1,
                "aspect": 1.77778,
                "fov": 38.6274
            }]
        },{
            "name": "LightPreset",
            "uuid": "1783D250-7BC6-30D0-B7CB-5461D8774CE2",
            "matrix": [-1,0,0,0,0,0,1,0,0,1,0,0,0,0,0,1],
            "visible": true,
            "type": "Object",
            "children": [{
                "name": "BackLight",
                "uuid": "6C2D9241-E0B7-3878-BBEB-78107E823E3E",
                "matrix": [-0.117758,-0.595422,0.794736,0,0.794736,0.42335,0.434935,0,-0.595422,0.682823,0.42335,0,-11.9084,13.6565,8.46701,1],
                "visible": true,
                "type": "DirectionalLight",
                "castShadow": false,
                "color": 7838134,
                "intensity": 0.75,
                "distance": 0
            },{
                "name": "FillLight",
                "uuid": "45C90A33-0D2F-3540-A48E-3AFDDA8A011B",
                "matrix": [0.398127,0.775804,-0.489512,0,-0.489512,0.630973,0.601873,0,0.775804,-0,0.630973,0,29.8121,0,24.2466,1],
                "visible": true,
                "type": "DirectionalLight",
                "castShadow": false,
                "color": 15062196,
                "intensity": 0.85,
                "distance": 0
            },{
                "name": "KeyLight",
                "uuid": "50157FD0-6064-3AF8-A62F-23E1675946D0",
                "matrix": [0.817645,-0.527833,0.229888,0,0.229888,0.66542,0.710188,0,-0.527833,-0.527833,0.66542,0,-10.5567,-10.5567,13.3084,1],
                "visible": true,
                "type": "DirectionalLight",
                "castShadow": false,
                "color": 16776180,
                "intensity": 1,
                "distance": 0
            }]
        },{
            "name": "Model",
            "uuid": "C52988D0-0E61-36AE-83AA-5988530B17C1",
            "matrix": [-1,0,0,0,0,0,1,0,0,1,0,0,0,0,0,1],
            "visible": true,
            "type": "Object"
        },{
            "name": "Null",
            "uuid": "8C60597C-A5D8-30C5-803B-493A7F445A92",
            "matrix": [-1,0,0,0,0,0,1,0,0,1,0,0,0,0,0,1],
            "visible": true,
            "type": "Object"
        },{
            "name": "Null1",
            "uuid": "DD1393ED-898F-3443-A490-6B6CA8C01B53",
            "matrix": [-1,0,0,0,0,0,1,0,0,1,0,0,0,0,0,1],
            "visible": true,
            "type": "Object"
        }]
    },
    "metadata": {
        "type": "Object",
        "generator": "io_three",
        "version": 4.4
    },
    "materials": [{
        "shininess": 50,
        "type": "MeshPhongMaterial",
        "name": "fox_material",
        "depthWrite": true,
        "specular": 1447446,
        "depthTest": true,
        "blending": "NormalBlending",
        "emissive": 0,
        "side": 2,
        "ambient": 16777215,
        "vertexColors": false,
        "uuid": "7F3E9304-B222-373C-8273-4FC2A0E612A8",
        "map": "06AB489A-40AD-31E7-BA15-91EB358E9963",
        "color": 16777215
    }],
    "textures": [{
        "name": "texture_png",
        "anisotropy": 1,
        "magFilter": 1006,
        "mapping": 300,
        "image": "1DD3E06D-006E-30DB-A800-100C0685844A",
        "minFilter": 1008,
        "uuid": "06AB489A-40AD-31E7-BA15-91EB358E9963",
        "repeat": [1,1],
        "wrap": [1000,1000]
    }],
    "geometries": [{
        "data": {
            "bones": [],
            "name": "fox1Geometry",
            "uvs": [[0.528712,0.678552,0.545417,0.676032,0.617856,0.722002,0.094965,0.707402,0.107916,0.742822,0.07997,0.742033,0.07863,0.77074,0.060751,0.778222,0.030655,0.765679,0.058227,0.746377,0.03709,0.758802,0.121276,0.770411,0.158639,0.734095,0.164588,0.760413,0.227825,0.173587,0.222156,0.176345,0.216399,0.1639,0.141088,0.940416,0.164472,0.919949,0.181342,0.98098,0.058967,0.720915,0.029251,0.751702,0.145086,0.685012,0.582748,0.742117,0.589403,0.726294,0.489541,0.684702,0.461222,0.668184,0.470026,0.639866,0.476945,0.642148,0.501577,0.658066,0.503671,0.653646,0.403832,0.230638,0.330192,0.244866,0.36177,0.177501,0.209544,0.177029,0.19178,0.180079,0.191077,0.15948,0.88706,0.678035,0.893335,0.658271,0.956672,0.715822,0.889693,0.699851,0.826098,0.790013,0.898001,0.737699,0.954315,0.73636,0.459861,0.672979,0.456221,0.68927,0.354548,0.637952,0.233251,0.62693,0.255912,0.627086,0.254498,0.65797,0.200424,0.699994,0.201686,0.718671,0.496252,0.671172,0.294471,0.588294,0.605231,0.74248,0.236315,0.205363,0.955617,0.752118,0.963504,0.701904,0.972489,0.714555,0.965698,0.748185,0.126418,0.353591,0.033828,0.389113,0.110013,0.349464,0.184359,0.661361,0.555442,0.421821,0.567227,0.457619,0.539361,0.455879,0.565967,0.486291,0.614138,0.485591,0.583073,0.495348,0.588459,0.463903,0.60836,0.478171,0.523582,0.482112,0.489702,0.442616,0.481408,0.468255,0.882624,0.489618,0.89367,0.4795,0.888394,0.492156,0.107088,0.923865,0.077319,0.972646,0.079601,0.909367,0.590024,0.438513,0.616797,0.471817,0.507616,0.395025,0.06614,0.411933,0.061105,0.395418,0.181402,0.322194,0.188498,0.320565,0.194635,0.349561,0.164903,0.363389,0.153736,0.331142,0.155406,0.335739,0.885927,0.237139,0.922931,0.180364,0.960563,0.244543,0.901023,0.492357,0.918805,0.474114,0.918891,0.494724,0.756556,0.8591,0.686639,0.89618,0.750468,0.839298,0.753721,0.880875,0.816399,0.971673,0.688788,0.916718,0.745046,0.918624,0.195548,0.354461,0.303588,0.329252,0.19767,0.371018,0.425179,0.329291,0.401242,0.358242,0.402627,0.327397,0.451225,0.404925,0.448282,0.423386,0.159481,0.349287,0.367783,0.285332,0.044268,0.410798,0.875357,0.521695,0.687323,0.932457,0.679948,0.882209,0.670852,0.894756,0.677299,0.928417,0.470694,0.367953,0.261498,0.20068,0.850013,0.51798,0.191854,0.196313,0.919439,0.510949,0.167983,0.38307,0.322004,0.299049,0.484655,0.703995,0.338971,0.606166,0.694967,0.708155,0.687308,0.686759,0.733904,0.659841,0.74314,0.689921,0.454811,0.696028,0.349187,0.668715,0.464885,0.868832,0.445683,0.867267,0.44685,0.828294,0.512752,0.80763,0.573536,0.801671,0.574827,0.772128,0.597174,0.76954,0.51863,0.764153,0.129255,0.226788,0.107943,0.243335,0.105387,0.204171,0.265346,0.794242,0.261257,0.85718,0.206315,0.865822,0.274964,0.757719,0.207668,0.818598,0.169534,0.797256,0.160463,0.841236,0.132463,0.803077,0.15857,0.865866,0.107066,0.849295,0.198055,0.897083,0.228311,0.932675,0.117898,0.826745,0.075938,0.797983,0.062416,0.802549,0.203084,0.732971,0.238482,0.980079,0.684233,0.734565,0.54566,0.274739,0.491614,0.231528,0.4921,0.206163,0.820788,0.673255,0.346364,0.791063,0.340818,0.855404,0.296757,0.858051,0.525135,0.867591,0.589525,0.84603,0.612526,0.823364,0.60607,0.253249,0.528355,0.185143,0.477927,0.216509,0.480304,0.204784,0.60607,0.218259,0.558271,0.158887,0.313322,0.239843,0.344915,0.174774,0.559314,0.111422,0.554965,0.110993,0.554287,0.094822,0.359912,0.116928,0.378622,0.130334,0.369783,0.130534,0.445649,0.220169,0.435696,0.234714,0.350633,0.133004,0.345899,0.133948,0.345852,0.115924,0.365978,0.130731,0.360811,0.130813,0.522147,0.131422,0.091248,0.206596,0.102837,0.148897,0.174763,0.175542,0.176439,0.119323,0.8109,0.559064,0.799411,0.585425,0.780784,0.522766,0.796704,0.522933,0.161937,0.191338,0.129255,0.206013,0.118938,0.152772,0.7067,0.788392,0.675606,0.75268,0.728737,0.750681,0.819599,0.695726,0.735962,0.721135,0.958906,0.917413,0.967307,0.935596,0.914292,0.933128,0.90737,0.90351,0.817102,0.743946,0.822651,0.642472,0.81725,0.76174,0.449313,0.230864,0.601052,0.788598,0.20671,0.782708,0.239101,0.170024,0.450842,0.730596,0.659328,0.786092,0.305866,0.79257,0.448023,0.803427,0.572909,0.153798,0.075272,0.183502,0.948191,0.89106,0.909806,0.841985,0.955817,0.869697,0.900481,0.872041,0.306104,0.360354,0.198454,0.377878,0.130586,0.483956,0.194453,0.510366,0.192163,0.549249,0.172928,0.549106,0.335518,0.454506,0.328815,0.368366,0.394715,0.391646,0.371866,0.455602,0.070232,0.4728,0.049873,0.438547,0.071397,0.442914,0.128547,0.439986,0.711391,0.527718,0.740089,0.511668,0.727977,0.548999,0.378134,0.4928,0.430386,0.569327,0.376521,0.555772,0.433304,0.522235,0.47316,0.504452,0.47821,0.549014,0.25798,0.691873,0.509505,0.51359,0.53059,0.561852,0.477868,0.573681,0.041636,0.894897,0.020443,0.936527,0.566183,0.51363,0.521854,0.538445,0.57922,0.519392,0.445599,0.437483,0.021523,0.984997,0.746856,0.276283,0.800415,0.207707,0.800901,0.233073,0.822843,0.854894,0.297821,0.482325,0.341134,0.553435,0.297547,0.546833,0.113131,0.54265,0.050767,0.515915,0.030339,0.490961,0.686446,0.254794,0.764161,0.186687,0.812212,0.206328,0.814588,0.218053,0.686446,0.219804,0.734244,0.160432,0.939464,0.176099,0.976901,0.237992,0.733201,0.112967,0.738228,0.096366,0.73755,0.112538,0.843325,0.230556,0.901818,0.134943,0.854572,0.244125,0.929933,0.135032,0.933125,0.117584,0.934735,0.135537,0.914445,0.134177,0.919217,0.119876,0.919597,0.133785,0.770368,0.132966,0.910637,0.134331,0.756159,0.45872,0.753197,0.517497,0.931893,0.433425,0.935721,0.489538,0.949143,0.504831,0.716502,0.507581,0.7396,0.458514,0.935775,0.971673,0.825945,0.925705,0.823869,0.877375,0.821204,0.824109,0.825583,0.943511,0.840659,0.241543,0.044452,0.45723,0.437498,0.486624,0.87122,0.486489,0.199241,0.412673,0.983036,0.969183,0.337977,0.487479,0.1955,0.485498,0.719606,0.155342,0.774364,0.499043,0.197893,0.446808,0.299584,0.453459,0.449099,0.764695,0.347218,0.762134,0.746572,0.55803,0.025092,0.23269,0.047741,0.201162,0.063212,0.204916,0.029743,0.261067,0.879406,0.472831,0.230398,0.156689,0.057058,0.187791,0.790962,0.507681,0.087698,0.247513,0.311303,0.75992,0.325812,0.674639,0.746839,0.109278,0.545676,0.107734,0.527575,0.105228,0.384209,0.064253,0.523468,0.060687,0.516306,0.024161,0.509498,0.04308,0.377815,0.042511,0.392645,0.120654,0.386601,0.074745,0.565198,0.093245,0.412233,0.045121,0.393127,0.043606,0.403998,0.027603,0.379146,0.027357,0.500701,0.028848,0.480938,0.035678,0.506053,0.06343,0.396386,0.076494,0.111895,0.105923,0.180373,0.058035,0.187504,0.118224,0.079496,0.143954,0.070595,0.142289,0.083246,0.091876,0.209949,0.112957,0.202317,0.11497,0.189538,0.063254,0.190919,0.117662,0.084597,0.145553,0.211166,0.03242,0.182562,0.033767,0.128038,0.066367,0.108497,0.0656,0.110974,0.033932,0.122985,0.093142,0.105273,0.091985,0.09612,0.094065,0.068696,0.0609,0.207766,0.059133,0.079365,0.063196,0.567515,0.11215,0.40329,0.144612,0.397097,0.019762,0.4205,0.051549,0.218527,0.110646,0.128594,0.033521,0.11842,0.024553,0.223029,0.030793,0.76494,0.106772,0.890184,0.069656,0.769046,0.062232,0.776209,0.025706,0.783016,0.044624,0.894554,0.047419,0.886964,0.126592,0.888766,0.080323,0.727317,0.09479,0.860521,0.053179,0.879408,0.049915,0.867113,0.034979,0.891837,0.032451,0.791813,0.030392,0.811577,0.037222,0.786461,0.064974,0.879184,0.082964,0.757952,0.414838,0.920795,0.432751,0.925615,0.372333,0.779998,0.459671,0.789176,0.408271,0.789036,0.460247,0.898164,0.428347,0.916656,0.377899,0.905867,0.430066,0.91736,0.43232,0.776159,0.407225,0.774662,0.459966,0.893863,0.347916,0.922498,0.348167,0.752037,0.372526,0.776556,0.345287,0.771166,0.37659,0.750347,0.399722,0.767799,0.402957,0.8109,0.381827,0.898284,0.374479,0.799994,0.381427,0.725,0.113694,0.878565,0.151427,0.873264,0.026537,0.85288,0.060339,0.889504,0.426367,0.759579,0.340553,0.771646,0.334364,0.881947,0.346745]],
            "skinWeights": [],
            "skinIndices": [],
            "metadata": {
                "bones": 0,
                "vertices": 290,
                "morphTargets": 0,
                "normals": 290,
                "uvs": 1,
                "materials": 1,
                "faces": 576,
                "generator": "io_three",
                "version": 3
            },
            "morphTargets": [],
            "vertices": [10.0139,-57.7611,-8.0929,11.5972,-30.5461,26.7447,11.5321,-49.6465,24.6543,7.04174,-42.901,37.6673,10.6984,-49.2732,37.7931,4.21216,-43.8503,40.9121,9.03898,-16.9894,-15.5055,11.2075,-53.8229,-21.918,10.0676,-60.659,-22.695,6.76604,-37.4044,-27.4251,7.78789,-66.5065,-32.7001,4.68478,-72.1205,-41.2616,10.3913,-64.2813,-40.7475,6.70425,-53.4175,-52.4553,4.75936,-69.9914,-51.1112,9.52502,-66.2211,-48.9209,2.44667,-62.24,-57.675,5.34863,-57.7365,-58.4386,1.54479,-55.0426,-66.6164,3.74481,-52.667,-61.8267,10.1119,-35.7689,-10.9923,9.99345,-37.7123,16.5569,10.0139,-42.5534,-26.718,9.98801,-56.9558,-42.2017,10.0139,-58.6097,-51.2236,12.5927,-78.9072,-50.6172,5.97305,-34.2813,44.9433,7.0325,-48.606,40.9488,9.9826,-58.7562,24.0371,5.0273,-32.8522,-11.3183,2.05637,-35.2144,23.0451,6.82989,-34.8089,16.537,9.32753,-56.6915,37.7197,3.52089,-42.3793,37.0136,2.18379,-35.7811,-24.6013,8.29307,-52.387,-43.2189,4.90416,-52.5074,-57.3642,3.00986,-59.059,-61.4444,5.54353,-52.102,41.4866,7.0719,-32.3338,16.9914,9.10984,-27.9077,34.265,4.50014,-27.5948,34.1783,9.18317,-17.619,36.245,6.97458,-28.0729,36.5306,9.31521,-32.4776,18.1205,3.7027,-34.3584,16.7069,9.33192,-7.31111,34.9476,7.01371,-16.3142,40.3275,7.77881,-20.6546,30.4632,4.78384,-15.9231,38.3082,9.36655,-3.21209,32.9887,8.62861,-15.7987,38.8071,7.64989,-16.0266,33.3102,4.97673,-17.7452,33.9977,9.31317,0.102409,31.9257,6.9512,-6.46137,32.4346,6.93201,-0.104531,34.3892,5.15137,-6.55,33.4818,4.53759,-4.36598,33.9206,7.94185,-0.282307,27.7648,5.58561,-0.235174,27.7501,4.47676,0.121745,31.9568,9.32846,-27.9815,-13.4141,4.49307,-28.916,-13.3927,8.00294,-7.59098,-15.1862,10.4336,-28.916,-16.0231,4.50037,-27.1817,-20.9041,9.23338,-24.8722,-19.9553,5.92066,-17.7092,-14.55,3.62143,-25.5649,-16.4006,8.83843,-5.13227,-16.9263,7.11891,-26.6782,-22.675,4.65419,-6.34867,-17.7411,8.70171,0.044662,-17.2065,6.96173,-5.76591,-20.8144,8.52336,-5.92609,-18.6721,5.66871,-5.08781,-16.2501,4.90777,0.059869,-17.1827,7.09516,-0.225404,-25.2093,5.18527,-0.797055,-23.4922,8.42167,-0.566213,-23.3324,5.70415,-37.4067,66.2304,8.62242,-25.1335,59.1996,7.79518,-34.6072,64.6527,6.50836,-21.222,56.9299,4.7698,-23.9955,78.0829,6.4031,-17.8348,72.8395,3.90037,-15.1836,69.952,2.59834,-18.4703,87.442,2.93601,-14.7741,86.0078,-10.0139,-57.7611,-8.0929,-11.5972,-30.5461,26.7447,0,-64.6949,25.6044,0,-35.7227,25.6044,0,-32.0535,-15.6427,-11.5321,-49.6465,24.6543,-7.04174,-42.901,37.6673,0,-61.3173,37.6673,-10.6984,-49.2732,37.7931,-4.41291,-43.8503,40.9121,-0.100373,-56.2355,40.8741,-9.03898,-16.9894,-15.5055,-11.2075,-53.8229,-21.918,-10.0677,-60.659,-22.695,0,-66.9053,-22.6304,-6.76607,-37.4044,-27.4251,-7.78789,-66.5065,-32.7001,0,-71.5192,-32.1468,0,-36.5839,-28.0025,-4.6848,-72.1205,-41.2616,-10.3913,-64.2813,-40.7475,0,-73.6265,-41.1725,0,-48.4251,-43.1163,-6.70425,-53.4175,-52.4553,-4.75936,-69.9914,-51.1112,-9.52502,-66.2211,-48.9209,0,-51.8969,-52.4044,-2.44667,-62.24,-57.675,-5.34863,-57.7365,-58.4386,0,-56.0197,-66.6243,-1.54482,-55.0426,-66.6164,0,-50.6095,-59.065,-3.74484,-52.667,-61.8267,0,-61.5595,-58.6012,-10.1119,-35.7689,-10.9923,-9.99345,-37.7123,16.5569,-10.0139,-42.5534,-26.718,-9.98801,-56.9558,-42.2017,-10.0139,-58.6097,-51.2236,0,-53.7205,-66.6249,-12.5927,-78.9072,-50.6172,0,-32.9438,43.7424,-5.97302,-34.2813,44.9433,-7.23324,-48.606,40.9488,0,-51.5039,48.4836,-9.9826,-58.7562,24.0371,0,-65.034,14.8403,0,-32.8907,11.2511,-5.0273,-32.8522,-11.3183,-2.05637,-35.2144,23.0451,0,-64.0573,-8.0929,-6.82989,-34.8089,16.537,-9.32753,-56.6915,37.7197,-3.52086,-42.3793,37.0136,-0.100373,-42.9548,40.8097,0,-66.2286,-16.0336,-2.18379,-35.7811,-24.6013,-8.29307,-52.387,-43.2189,0,-71.2322,-51.1854,-4.90416,-52.5074,-57.3642,-3.00986,-59.059,-61.4444,-5.74428,-52.102,41.4866,-7.0719,-32.3338,16.9914,-9.10984,-27.9077,34.265,-4.50014,-27.5948,34.1783,-9.18317,-17.619,36.245,-6.97455,-28.0729,36.5306,-9.31521,-32.4776,18.1205,-3.7027,-34.3584,16.7069,-9.33189,-7.31111,34.9476,-7.01368,-16.3142,40.3275,-7.77881,-20.6546,30.4632,-4.78384,-15.9231,38.3082,-9.36653,-3.21209,32.9887,-8.62861,-15.7987,38.8071,-7.64989,-16.0266,33.3102,-4.97671,-17.7452,33.9977,-9.31314,0.102409,31.9257,-6.9512,-6.46137,32.4346,-6.93201,-0.104531,34.3892,-5.15137,-6.55,33.4818,-4.53759,-4.36598,33.9206,-7.94185,-0.282307,27.7648,-5.58561,-0.235174,27.7501,-4.47676,0.121745,31.9568,-9.32846,-27.9815,-13.4141,-4.49307,-28.916,-13.3927,-8.00297,-7.59098,-15.1862,-10.4336,-28.916,-16.0231,-4.50037,-27.1817,-20.9041,-9.23338,-24.8722,-19.9553,-5.92066,-17.7092,-14.55,-3.62143,-25.5649,-16.4006,-8.83843,-5.13227,-16.9263,-7.11891,-26.6782,-22.675,-4.65421,-6.34867,-17.7411,-8.70171,0.044662,-17.2065,-6.96173,-5.76591,-20.8144,-8.52336,-5.92609,-18.6721,-5.66874,-5.08781,-16.2501,-4.90777,0.059869,-17.1827,-7.09516,-0.225404,-25.2093,-5.18527,-0.797055,-23.4922,-8.42167,-0.566213,-23.3324,-5.70415,-37.4067,66.2304,0,-20.1497,56.5049,-8.62242,-25.1335,59.1996,-7.79518,-34.6072,64.6527,-6.50836,-21.222,56.9299,0,-14.2964,69.4144,-4.7698,-23.9955,78.0829,-6.40307,-17.8348,72.8395,0,-38.1779,68.047,-3.90037,-15.1836,69.952,-2.59831,-18.4703,87.442,0,-13.9952,85.6884,0,-20.145,88.095,-2.93601,-14.7741,86.0078,11.2999,-52.6334,-8.65362,-11.2999,-52.6334,-8.65362,-8.26707,-16.7448,-20.3208,4.57475,-17.1098,-19.3749,-4.57475,-17.1098,-19.3749,4.42494,-17.5282,-16.3416,5.94305,-16.9793,-20.3211,-8.9334,-16.8671,-19.4131,7.04448,-16.7762,-21.794,4.05799,-17.4419,-16.9673,-7.04448,-16.7762,-21.794,-4.05799,-17.4419,-16.9673,8.26707,-16.7448,-20.3208,8.9334,-16.8671,-19.4131,-4.42494,-17.5282,-16.3416,-5.94305,-16.9793,-20.3211,-9.44262,-29.612,-21.7682,-3.08648,-29.3663,-19.4521,1.70414,-29.0001,-15.9994,7.01433,-29.8575,-24.083,-7.01433,-29.8575,-24.083,-5.05629,-29.69,-22.5042,3.08648,-29.3663,-19.4521,3.84024,-29.6321,-21.9576,9.44259,-29.612,-21.7682,5.05629,-29.69,-22.5042,-1.70414,-29.0001,-15.9994,-3.84024,-29.6321,-21.9576,-11.2539,-53.2253,-15.2541,-10.0406,-59.1993,-15.3395,11.2539,-53.2253,-15.2541,-10.0868,-37.5107,-15.0296,10.0406,-59.1993,-15.3395,10.0868,-37.5107,-15.0296,-7.00147,-19.9884,39.1411,-8.75332,-18.9371,37.6299,8.15629,-19.3038,38.157,4.43227,-18.4097,36.3409,7.00147,-19.9884,39.1411,4.71586,-18.7204,37.3184,-8.15626,-19.3038,38.157,-6.28676,-19.5765,38.5491,6.28679,-19.5765,38.5491,-4.71586,-18.7204,37.3184,8.75335,-18.9371,37.6299,4.64968,-18.2108,35.6276,-4.43227,-18.4097,36.3409,-4.64968,-18.2108,35.6276,-6.47012,-45.9103,49.6854,7.59519,-40.2988,47.408,-7.72487,-40.2988,47.408,6.34041,-45.9103,49.6854,-10.0212,-37.2565,10.0959,-9.99522,-58.3542,11.0549,5.43379,-34.2456,9.95905,6.40452,-34.3471,9.96368,-5.43377,-34.2456,9.95905,-10.9645,-44.0999,10.407,8.83692,-36.5804,10.0652,-8.83692,-36.5804,10.0652,10.9645,-44.0999,10.407,0,-32.8486,9.89555,-6.40452,-34.3471,9.96368,9.99522,-58.3542,11.0549,10.0212,-37.2565,10.0959,5.98477,-60.8792,11.1697,0,-64.8854,11.3518,-5.98477,-60.8792,11.1697,11.435,-50.8964,10.7159,-11.435,-50.8964,10.7159,-0.940462,-33.9534,16.6449,0,-33.955,16.6452,0.940462,-33.9534,16.6449,-9.99871,-51.3076,-35.4964,7.01639,-46.1607,-36.0288,-10.6939,-60.4031,-33.765,8.64237,-49.0953,-35.7252,0,-43.6222,-36.2914,10.6939,-60.4031,-33.765,-7.01639,-46.1607,-36.0288,9.99871,-51.3076,-35.4964,-8.64237,-49.0953,-35.7252],
            "faces": [42,30,93,144,0,0,1,2,0,1,2,42,116,13,36,0,3,4,5,3,4,5,42,17,37,119,0,6,7,8,6,7,8,42,19,17,18,0,9,6,10,9,6,10,42,13,24,17,0,4,11,6,4,11,6,42,35,23,24,0,12,13,11,12,13,11,42,233,231,66,0,14,15,16,14,15,16,42,14,15,25,0,17,18,19,17,18,19,42,121,36,19,0,20,5,9,20,5,9,42,121,19,129,0,20,9,21,20,9,21,42,112,35,116,0,22,12,3,22,12,3,42,3,33,144,0,23,24,2,23,24,2,42,31,262,269,0,25,26,27,25,26,27,42,269,137,31,0,27,28,25,27,28,25,42,30,280,279,0,0,29,30,0,29,30,42,279,93,30,0,30,1,0,30,1,0,42,30,33,41,0,31,32,33,0,24,31,42,230,226,69,0,34,35,36,32,33,34,42,87,199,89,0,37,38,39,35,36,37,42,86,87,89,0,40,37,39,38,35,37,42,202,85,88,0,41,42,43,39,40,41,42,85,86,89,0,42,40,39,40,38,37,42,263,266,29,0,44,45,46,42,43,44,42,33,30,144,0,24,0,2,24,0,2,42,108,34,9,0,47,48,49,45,46,47,42,116,35,13,0,3,12,4,3,12,4,42,121,116,36,0,20,3,5,20,3,5,42,18,17,119,0,10,6,8,10,6,8,42,19,36,17,0,9,5,6,9,5,6,42,129,19,18,0,21,9,10,21,9,10,42,36,13,17,0,5,4,6,5,4,6,42,282,9,284,0,50,49,51,48,47,49,42,13,35,24,0,4,12,11,4,12,11,42,31,137,45,0,25,28,52,25,28,50,42,108,94,34,0,47,53,48,45,51,46,42,5,3,144,0,54,23,2,52,23,2,42,263,262,31,0,44,26,25,42,26,25,42,45,137,280,0,52,28,29,50,28,29,42,231,34,230,0,15,55,34,15,46,32,42,206,202,88,0,56,41,43,53,39,41,42,89,199,205,0,39,38,57,37,36,54,42,88,85,89,0,43,42,39,41,40,37,42,205,206,88,0,58,59,43,54,53,41,42,89,205,88,0,39,58,43,37,54,41,42,139,144,93,0,60,61,62,55,2,1,42,9,282,285,0,49,50,63,47,48,56,42,285,108,9,0,63,47,49,56,45,47,42,116,149,113,0,64,65,66,3,57,58,42,118,119,150,0,67,68,69,59,8,60,42,122,120,118,0,70,71,67,61,62,59,42,113,118,128,0,66,67,72,58,59,63,42,147,128,127,0,73,72,74,64,63,65,42,229,179,235,0,75,76,77,66,67,68,42,114,130,115,0,78,79,80,69,70,71,42,121,122,149,0,81,70,65,20,61,57,42,121,129,122,0,81,82,70,20,21,61,42,112,116,147,0,83,64,73,22,3,64,42,96,144,143,0,84,61,85,72,2,73,42,137,269,264,0,86,87,88,28,27,74,42,264,141,137,0,88,89,86,74,75,28,42,93,279,278,0,62,90,91,1,30,76,42,278,139,93,0,91,60,62,76,55,1,42,139,154,143,0,92,93,94,55,77,73,42,225,182,234,0,95,96,97,78,79,80,42,203,207,199,0,98,99,100,81,82,36,42,201,207,203,0,101,99,98,83,82,81,42,202,204,200,0,102,103,104,39,84,85,42,200,207,201,0,104,99,101,85,82,83,42,270,138,267,0,105,106,107,86,87,88,42,143,144,139,0,85,61,60,73,2,55,42,108,105,146,0,108,109,110,45,89,90,42,116,113,147,0,64,66,73,3,58,64,42,121,149,116,0,81,65,64,20,57,3,42,120,119,118,0,71,68,67,62,8,59,42,122,118,149,0,70,67,65,61,59,57,42,129,120,122,0,82,71,70,21,62,61,42,149,118,113,0,65,67,66,57,59,58,42,287,289,105,0,111,112,109,91,92,89,42,113,128,147,0,66,72,73,58,63,64,42,141,158,137,0,89,113,86,75,93,28,42,108,146,94,0,108,110,114,45,90,51,42,99,144,96,0,115,61,84,94,2,72,42,270,141,264,0,105,89,88,86,75,74,42,158,139,278,0,113,60,91,93,55,76,42,235,225,146,0,77,95,116,68,78,90,42,206,204,202,0,117,103,102,53,84,39,42,207,205,199,0,99,118,100,82,54,36,42,204,207,200,0,103,99,104,84,82,85,42,205,204,206,0,119,103,120,54,84,53,42,207,204,205,0,99,103,119,82,84,54,42,105,108,285,0,109,108,121,89,45,56,42,285,287,105,0,121,111,109,56,91,89,42,231,233,9,0,15,14,122,15,14,47,42,9,34,231,0,122,55,15,47,46,15,42,230,69,66,0,34,36,16,32,34,16,42,66,231,230,0,16,15,34,16,15,32,42,235,146,105,0,77,116,123,68,90,89,42,105,229,235,0,123,75,77,89,66,68,42,226,230,34,0,35,34,55,33,32,46,42,34,94,226,0,55,124,35,46,51,33,42,234,94,146,0,97,125,116,80,51,90,42,146,225,234,0,116,95,97,90,78,80,42,225,235,179,0,95,77,76,78,68,67,42,179,182,225,0,76,96,95,67,79,78,42,267,125,141,0,107,126,89,88,95,75,42,141,270,267,0,89,105,107,75,86,88,42,94,264,269,0,127,88,87,51,74,27,42,264,94,138,0,88,127,106,74,51,87,42,138,270,264,0,106,105,88,87,86,74,42,266,263,31,0,45,44,25,43,42,25,42,31,21,266,0,25,128,45,25,96,43,42,94,269,262,0,129,27,26,51,27,26,42,262,263,29,0,26,44,46,26,42,44,42,29,94,262,0,46,129,26,44,51,26,42,137,279,280,0,28,30,29,28,30,29,42,137,278,279,0,86,91,90,28,76,30,42,137,158,278,0,86,113,91,28,93,76,42,30,45,280,0,0,52,29,0,50,29,42,289,287,147,0,112,111,73,92,91,64,42,147,127,289,0,73,74,112,64,65,92,42,287,285,112,0,111,121,83,91,56,22,42,112,147,287,0,83,73,111,22,64,91,42,284,23,35,0,51,13,12,49,13,12,42,35,282,284,0,12,50,51,12,48,49,42,282,35,112,0,50,12,22,48,12,22,42,112,285,282,0,22,63,50,22,56,48,42,5,144,131,0,130,131,132,52,2,97,42,26,5,131,0,133,130,132,98,52,97,42,29,266,272,0,46,45,134,44,43,99,42,272,20,29,0,134,135,46,99,100,44,42,136,274,273,0,136,137,138,101,102,103,42,273,28,136,0,138,139,136,103,104,101,42,32,4,27,0,140,141,142,105,106,107,42,28,2,4,0,139,143,141,104,108,106,42,4,3,5,0,141,23,54,106,23,52,42,29,20,62,0,144,145,146,44,100,109,42,8,104,107,0,147,148,149,110,111,112,42,7,8,10,0,150,147,151,113,110,114,42,12,10,11,0,152,151,153,115,114,116,42,23,12,15,0,13,152,154,13,115,18,42,11,111,148,0,153,155,156,116,117,118,42,10,107,111,0,151,149,155,114,112,117,42,24,15,17,0,11,154,6,11,18,6,42,12,11,25,0,157,158,19,115,116,19,42,15,14,16,0,154,159,160,18,17,119,42,37,123,119,0,7,161,8,7,120,8,42,17,16,37,0,6,160,7,6,119,7,42,284,288,23,0,51,162,13,49,121,13,42,15,12,25,0,18,157,19,18,115,19,42,11,14,25,0,158,163,19,116,17,19,42,27,5,26,0,164,130,133,107,52,98,42,2,21,44,0,165,166,167,108,96,122,42,26,131,84,0,133,132,168,98,97,123,42,14,148,16,0,159,156,160,17,118,119,42,0,140,145,0,169,170,171,124,125,126,42,92,28,32,0,172,139,140,127,104,105,42,97,32,100,0,173,140,174,128,105,129,42,4,2,1,0,175,165,176,106,108,130,42,21,31,39,0,166,177,178,96,25,131,42,3,4,40,0,179,175,180,23,106,132,42,33,3,43,0,32,181,182,24,23,133,42,244,252,51,0,183,184,185,134,135,136,42,49,53,253,0,186,187,188,137,138,139,42,39,45,53,0,189,190,187,131,50,138,42,250,246,47,0,191,192,193,140,141,142,42,245,247,49,0,194,195,186,143,144,137,42,44,39,48,0,167,178,196,122,131,145,42,1,44,48,0,176,167,196,130,122,145,42,253,245,49,0,188,194,186,139,143,137,42,62,65,6,0,146,197,198,109,146,147,42,69,63,68,0,36,199,200,34,148,149,42,105,126,224,0,201,202,203,89,150,151,42,224,228,105,0,203,204,201,151,152,89,42,94,29,63,0,124,205,199,51,44,148,42,63,62,68,0,206,146,207,148,109,149,42,134,38,259,0,208,209,210,153,154,155,42,26,82,257,0,133,211,212,98,156,157,42,133,151,256,0,213,214,215,158,159,160,42,256,258,133,0,215,216,213,160,161,158,42,83,82,86,0,217,211,40,162,156,38,42,84,195,199,0,168,218,38,123,163,36,42,82,84,87,0,211,168,37,156,123,35,42,81,83,85,0,219,217,42,164,162,40,42,202,81,85,0,41,219,42,39,164,40,42,39,31,45,0,189,220,190,131,25,50,42,136,28,92,0,136,139,172,101,104,127,42,38,32,27,0,221,140,142,154,105,107,42,100,32,38,0,174,140,221,129,105,154,42,32,28,4,0,140,139,141,105,104,106,42,8,145,104,0,147,171,148,110,126,111,42,27,4,5,0,142,141,54,107,106,52,42,10,8,107,0,151,147,149,114,110,112,42,286,7,10,0,222,150,151,165,113,114,42,63,29,62,0,206,144,146,148,44,109,42,24,23,15,0,11,13,154,11,13,18,42,11,10,111,0,153,151,155,116,114,117,42,16,148,123,0,160,156,161,119,118,120,42,17,15,16,0,6,154,160,6,18,119,42,37,16,123,0,7,160,161,7,119,120,42,62,20,65,0,146,145,197,109,100,146,42,227,9,233,0,223,122,14,166,47,14,42,272,268,20,0,134,224,135,99,167,100,42,134,100,38,0,208,225,209,153,129,154,42,1,2,44,0,176,165,167,130,108,122,42,82,26,84,0,211,133,168,156,98,123,42,14,11,148,0,159,153,156,17,116,118,42,240,0,145,0,226,169,171,168,124,126,42,97,92,32,0,173,172,140,128,127,105,42,40,4,1,0,180,175,176,132,106,130,42,273,271,28,0,138,227,139,103,169,104,42,44,21,39,0,167,166,178,122,96,131,42,43,3,40,0,228,179,180,133,23,132,42,41,33,43,0,33,32,182,31,24,133,42,53,45,253,0,187,190,188,138,50,139,42,226,94,63,0,35,124,199,33,51,148,42,6,65,67,0,198,197,229,147,146,170,42,81,134,83,0,219,208,217,164,153,162,42,84,131,195,0,168,132,218,123,97,163,42,202,134,81,0,41,208,219,39,153,164,42,83,134,259,0,217,208,210,162,153,155,42,85,83,86,0,42,217,40,40,162,38,42,87,84,199,0,37,168,38,35,123,36,42,86,82,87,0,40,211,37,38,156,35,42,99,131,144,0,230,231,232,94,97,2,42,132,131,99,0,233,231,230,171,97,94,42,124,260,267,0,234,235,107,172,173,88,42,267,138,124,0,107,106,234,88,87,172,42,135,275,274,0,236,237,238,174,175,102,42,274,136,135,0,238,239,236,102,101,174,42,236,239,126,0,240,241,242,176,177,150,42,126,102,236,0,242,243,240,150,178,176,42,142,133,98,0,244,245,246,179,158,180,42,135,98,95,0,236,246,247,174,180,181,42,98,99,96,0,246,115,84,180,94,72,42,138,175,124,0,248,249,250,87,182,172,42,103,107,104,0,251,252,253,183,112,111,42,102,106,103,0,243,254,251,178,184,183,42,110,109,106,0,255,256,254,185,186,184,42,7,286,288,0,150,222,162,113,165,121,42,288,22,7,0,162,257,150,121,187,113,42,127,115,110,0,74,258,255,65,71,185,42,109,148,111,0,256,259,260,186,118,117,42,106,111,107,0,254,260,252,184,117,112,42,128,118,115,0,72,67,258,63,59,71,42,110,130,109,0,261,79,262,185,70,186,42,115,117,114,0,258,263,264,71,188,69,42,150,119,123,0,69,68,265,60,8,120,42,118,150,117,0,67,69,263,59,60,188,42,289,127,281,0,112,74,266,92,65,189,42,115,130,110,0,80,79,261,71,70,185,42,109,130,114,0,262,79,267,186,70,69,42,133,132,99,0,213,233,230,158,171,94,42,95,157,125,0,268,269,270,181,190,95,42,132,198,131,0,233,271,231,171,191,97,42,114,117,148,0,264,263,259,69,188,118,42,90,145,140,0,272,273,274,192,126,125,42,92,142,135,0,275,244,236,127,179,174,42,97,100,142,0,276,277,244,128,129,179,42,98,91,95,0,278,279,268,180,193,181,42,125,152,141,0,270,280,281,95,194,75,42,96,153,98,0,282,283,278,72,195,180,42,143,156,96,0,94,284,285,73,196,72,42,248,164,243,0,286,287,288,197,198,199,42,152,166,158,0,289,290,291,194,200,93,42,249,160,242,0,292,293,294,201,202,203,42,254,162,251,0,295,296,297,204,205,206,42,157,161,152,0,269,298,280,190,207,194,42,91,161,157,0,279,298,269,193,207,190,42,255,162,254,0,299,296,295,208,205,204,42,175,101,178,0,249,300,301,182,209,210,42,182,181,176,0,96,302,303,79,211,212,42,94,176,138,0,125,303,304,51,212,87,42,176,181,175,0,305,306,249,212,211,182,42,134,197,256,0,307,308,215,153,213,160,42,258,196,132,0,216,309,233,161,214,171,42,257,82,83,0,212,211,217,157,156,162,42,83,259,257,0,217,210,212,162,155,157,42,197,201,196,0,308,101,309,213,83,214,42,198,199,195,0,271,100,310,191,36,163,42,196,203,198,0,309,98,271,214,81,191,42,194,200,197,0,311,104,308,215,85,213,42,202,200,194,0,102,104,311,39,85,215,42,152,158,141,0,289,291,312,194,93,75,42,136,92,135,0,239,275,236,101,127,174,42,151,133,142,0,313,245,244,159,158,179,42,100,151,142,0,277,313,244,129,159,179,42,142,98,135,0,244,246,236,179,180,174,42,103,104,145,0,251,253,273,183,111,126,42,133,99,98,0,245,115,246,158,94,180,42,106,107,103,0,254,252,251,184,112,183,42,106,102,283,0,254,243,314,184,178,216,42,176,175,138,0,305,249,248,212,182,87,42,128,115,127,0,72,258,74,63,71,65,42,109,111,106,0,256,260,254,186,117,184,42,117,123,148,0,263,265,259,188,120,118,42,118,117,115,0,67,263,258,59,188,71,42,150,123,117,0,69,265,263,60,120,188,42,175,178,124,0,249,301,250,182,210,172,42,228,229,105,0,315,75,123,152,66,89,42,260,124,265,0,235,234,316,173,172,217,42,134,151,100,0,307,214,317,153,159,129,42,91,157,95,0,279,269,268,193,190,181,42,196,198,132,0,309,271,233,214,191,171,42,114,148,109,0,264,259,256,69,118,186,42,145,90,237,0,273,272,318,126,192,218,42,97,142,92,0,276,244,275,128,179,127,42,153,91,98,0,283,279,278,195,193,180,42,275,135,261,0,237,236,319,175,174,219,42,157,152,125,0,269,280,270,190,194,95,42,156,153,96,0,320,283,282,196,195,72,42,154,156,143,0,93,284,94,77,196,73,42,166,162,255,0,290,296,299,200,205,208,42,176,94,234,0,303,125,97,212,51,80,42,101,180,178,0,300,321,301,209,220,210,42,194,197,134,0,311,308,307,215,213,153,42,198,195,131,0,271,310,231,191,163,97,42,202,194,134,0,102,311,307,39,215,153,42,258,256,197,0,216,215,308,161,160,213,42,197,196,258,0,308,309,216,213,214,161,42,200,201,197,0,104,101,308,85,83,213,42,203,199,198,0,98,100,271,81,36,191,42,201,203,196,0,101,98,309,83,81,214,42,245,253,45,0,194,188,190,143,139,50,42,45,30,245,0,190,31,194,50,0,143,42,90,261,277,0,272,319,322,192,219,221,42,277,209,90,0,322,323,272,221,222,192,42,20,268,276,0,135,224,324,100,167,223,42,276,208,20,0,324,325,135,223,224,100,42,124,178,239,0,250,301,326,172,210,177,42,209,277,265,0,323,322,316,222,221,217,42,265,124,209,0,316,234,323,217,172,222,42,0,208,276,0,169,325,324,124,224,223,42,276,271,0,0,324,227,169,223,169,124,42,9,227,232,0,327,328,329,47,166,225,42,232,22,9,0,329,330,327,225,187,47,42,178,180,224,0,301,321,203,210,220,151,42,229,228,184,0,75,315,331,66,152,226,42,184,179,229,0,331,76,75,226,67,66,42,233,66,71,0,14,16,332,14,16,227,42,71,227,233,0,332,223,14,227,166,14,42,227,71,67,0,328,333,229,166,227,170,42,67,232,227,0,229,329,328,170,225,166,42,228,224,180,0,204,203,321,152,151,220,42,180,184,228,0,321,334,204,220,226,152,42,69,226,63,0,36,35,199,34,33,148,42,182,176,234,0,96,303,97,79,212,80,42,65,232,67,0,197,329,229,146,225,170,42,232,65,241,0,329,197,335,225,146,228,42,241,22,232,0,335,330,329,228,187,225,42,238,7,22,0,336,150,257,229,113,187,42,22,241,238,0,257,337,336,187,228,229,42,241,20,208,0,337,135,325,228,100,224,42,208,238,241,0,325,336,337,224,229,228,42,240,238,208,0,226,336,325,168,229,224,42,208,0,240,0,325,169,226,224,124,168,42,237,236,102,0,318,240,243,218,176,178,42,102,103,237,0,243,251,318,178,183,218,42,126,239,178,0,202,326,301,150,177,210,42,178,224,126,0,301,203,202,210,151,150,42,20,241,65,0,145,335,197,100,228,146,42,237,90,209,0,318,272,323,218,192,222,42,209,236,237,0,323,240,318,222,176,218,42,103,145,237,0,251,273,318,183,126,218,42,8,240,145,0,147,226,171,110,168,126,42,240,8,7,0,226,147,150,168,110,113,42,7,238,240,0,150,336,226,113,229,168,42,236,209,124,0,240,323,234,176,222,172,42,124,239,236,0,234,241,240,172,177,176,42,246,250,41,0,192,191,33,141,140,31,42,41,43,246,0,33,182,192,31,133,141,42,247,245,30,0,195,194,31,144,143,0,42,30,41,247,0,31,33,195,0,31,144,42,252,244,43,0,184,183,228,135,134,133,42,43,40,252,0,228,180,184,133,132,135,42,243,153,156,0,288,283,320,199,195,196,42,156,248,243,0,320,286,288,196,197,199,42,242,156,154,0,294,284,93,203,196,77,42,154,249,242,0,93,292,294,77,201,203,42,153,155,91,0,283,338,279,195,230,193,42,40,1,42,0,180,176,339,132,130,231,42,254,139,158,0,295,92,291,204,55,93,42,158,255,254,0,291,299,295,93,208,204,42,251,154,139,0,297,93,92,206,77,55,42,139,254,251,0,92,295,297,55,204,206,42,158,166,255,0,291,290,299,93,200,208,42,27,257,259,0,164,212,210,107,157,155,42,259,38,27,0,210,209,164,155,154,107,42,151,134,256,0,214,307,215,159,153,160,42,133,258,132,0,213,216,233,158,161,171,42,27,26,257,0,164,133,212,107,98,157,42,140,274,275,0,274,238,237,125,102,175,42,140,273,274,0,170,138,137,125,103,102,42,271,273,140,0,227,138,170,169,103,125,42,140,0,271,0,170,169,227,125,124,169,42,271,276,2,0,227,324,143,169,223,108,42,2,28,271,0,143,139,227,108,104,169,42,268,272,21,0,224,134,128,167,99,96,42,21,2,268,0,128,143,224,96,108,167,42,2,276,268,0,143,324,224,108,223,167,42,21,272,266,0,128,134,45,96,99,43,42,95,265,277,0,247,316,322,181,217,221,42,261,90,140,0,319,272,274,219,192,125,42,140,275,261,0,274,237,319,125,175,219,42,261,135,95,0,319,236,247,219,174,181,42,95,277,261,0,247,322,319,181,221,219,42,125,267,260,0,126,107,235,95,88,173,42,265,95,125,0,316,247,126,217,181,95,42,125,260,265,0,126,235,316,95,173,217,42,102,126,281,0,243,242,266,178,150,189,42,281,283,102,0,266,314,243,189,216,178,42,286,12,23,0,222,152,13,165,115,13,42,23,288,286,0,13,162,222,13,121,165,42,288,284,9,0,162,51,49,121,49,47,42,9,22,288,0,49,257,162,47,187,121,42,281,126,105,0,266,242,109,189,150,89,42,105,289,281,0,109,112,266,89,92,189,42,283,281,127,0,314,266,74,216,189,65,42,127,110,283,0,74,255,314,65,185,216,42,12,286,10,0,152,222,151,115,165,114,42,110,106,283,0,255,254,314,185,184,216,42,42,48,52,0,339,196,340,231,145,232,42,53,49,58,0,187,186,341,138,137,233,42,42,52,46,0,339,340,342,231,232,234,42,56,46,50,0,343,342,344,235,234,236,42,49,47,56,0,186,193,345,137,142,235,42,52,53,57,0,346,187,347,232,138,237,42,51,42,46,0,185,339,342,136,231,234,42,47,51,46,0,348,185,342,142,136,234,42,60,58,61,0,349,341,350,238,233,239,42,60,61,54,0,351,350,352,238,239,240,42,56,50,54,0,343,344,353,235,236,240,42,50,46,59,0,344,342,354,236,234,241,42,46,55,59,0,342,355,354,234,242,241,42,55,57,60,0,356,347,349,242,237,238,42,68,6,64,0,207,198,357,149,147,243,42,68,76,213,0,200,358,359,149,244,245,42,220,216,74,0,360,361,362,246,247,248,42,214,211,72,0,363,364,365,249,250,251,42,211,217,72,0,364,366,365,250,252,251,42,6,67,221,0,198,229,367,147,170,253,42,79,72,77,0,368,365,369,254,251,255,42,77,73,80,0,370,371,372,255,256,257,42,72,76,77,0,365,358,369,251,244,255,42,76,70,73,0,373,374,371,244,258,256,42,75,74,78,0,375,362,376,259,248,260,42,74,72,79,0,377,365,368,248,251,254,42,70,75,80,0,374,375,378,258,259,257,42,246,43,244,0,379,228,183,141,133,134,42,48,39,53,0,380,189,187,145,131,138,42,247,41,250,0,195,33,191,144,31,140,42,52,48,53,0,346,380,187,232,145,138,42,42,1,48,0,339,176,196,231,130,145,42,57,53,58,0,347,187,341,237,138,233,42,46,52,55,0,342,340,355,234,232,242,42,58,49,56,0,341,186,345,233,137,235,42,55,52,57,0,356,346,347,242,232,237,42,56,47,46,0,343,348,342,235,142,234,42,61,58,56,0,350,341,345,239,233,235,42,59,60,54,0,381,351,352,241,238,240,42,56,54,61,0,345,352,350,235,240,239,42,54,50,59,0,353,344,354,240,236,241,42,60,57,58,0,349,347,341,238,237,233,42,59,55,60,0,382,356,349,241,242,238,42,68,62,6,0,207,146,198,149,109,147,42,64,6,70,0,357,198,374,243,147,258,42,217,69,213,0,366,36,359,252,34,245,42,221,67,220,0,367,229,360,253,170,246,42,216,71,214,0,383,332,363,247,227,249,42,76,68,64,0,373,207,357,244,149,243,42,70,6,75,0,374,198,375,258,147,259,42,73,70,80,0,371,374,378,256,258,257,42,76,64,70,0,373,357,374,244,243,258,42,79,77,78,0,384,370,385,254,255,260,42,78,77,80,0,385,370,372,260,255,257,42,77,76,73,0,370,373,371,255,244,256,42,80,75,78,0,378,375,376,257,259,260,42,78,74,79,0,386,377,368,260,248,254,42,155,165,161,0,338,387,298,230,261,207,42,166,171,162,0,290,388,296,200,262,205,42,155,159,165,0,338,389,387,230,263,261,42,169,163,159,0,390,391,389,264,265,263,42,162,169,160,0,296,392,293,205,264,202,42,165,170,166,0,393,394,290,261,266,200,42,164,159,155,0,287,389,338,198,263,230,42,160,159,164,0,395,389,287,202,263,198,42,173,174,171,0,396,397,388,267,268,262,42,173,167,174,0,398,399,397,267,269,268,42,169,167,163,0,390,400,391,264,269,265,42,163,172,159,0,391,401,389,265,270,263,42,159,172,168,0,389,401,402,263,270,271,42,168,173,170,0,403,396,394,271,267,266,42,181,177,101,0,306,404,300,211,272,209,42,222,189,181,0,405,406,302,273,274,211,42,210,187,218,0,407,408,409,275,276,277,42,223,185,212,0,410,411,412,278,279,280,42,212,185,219,0,412,411,413,280,279,281,42,101,188,215,0,300,414,415,209,282,283,42,192,190,185,0,416,417,411,284,285,279,42,190,193,186,0,418,419,420,285,286,287,42,185,190,189,0,411,417,406,279,285,274,42,189,186,183,0,421,420,422,274,287,288,42,188,191,187,0,414,423,408,282,289,276,42,187,192,185,0,424,416,411,276,284,279,42,183,193,188,0,422,425,414,288,286,282,42,242,248,156,0,426,286,320,203,197,196,42,161,166,152,0,427,290,289,207,200,194,42,251,249,154,0,297,292,93,206,201,77,42,165,166,161,0,393,290,427,261,200,207,42,155,161,91,0,338,298,279,230,207,193,42,170,171,166,0,394,388,290,266,262,200,42,159,168,165,0,389,402,387,263,271,261,42,171,169,162,0,388,392,296,262,264,205,42,168,170,165,0,403,394,393,271,266,261,42,169,159,160,0,390,389,395,264,263,202,42,174,169,171,0,397,392,388,268,264,262,42,172,167,173,0,428,399,398,270,269,267,42,169,174,167,0,392,397,399,264,268,269,42,167,172,163,0,400,401,391,269,270,265,42,173,171,170,0,396,388,394,267,262,266,42,172,173,168,0,429,396,403,270,267,271,42,181,101,175,0,306,300,249,211,209,182,42,177,183,101,0,404,422,300,272,288,209,42,219,222,182,0,413,405,96,281,273,79,42,215,210,180,0,415,407,321,283,275,220,42,218,223,184,0,430,410,331,277,278,226,42,189,177,181,0,421,404,306,274,272,211,42,183,188,101,0,422,414,300,288,282,209,42,186,193,183,0,420,425,422,287,286,288,42,189,183,177,0,421,422,404,274,288,272,42,192,191,190,0,431,432,418,284,289,285,42,191,193,190,0,432,419,418,289,286,285,42,190,186,189,0,418,420,421,285,287,274,42,193,191,188,0,425,423,414,286,289,282,42,191,192,187,0,433,416,424,289,284,276,42,220,74,75,0,360,362,375,246,248,259,42,75,221,220,0,375,367,360,259,253,246,42,222,219,185,0,405,413,411,273,281,279,42,185,189,222,0,411,406,405,279,274,273,42,223,218,187,0,410,430,424,278,277,276,42,187,185,223,0,424,411,410,276,279,278,42,216,220,67,0,361,360,229,247,246,170,42,67,71,216,0,229,333,361,170,227,247,42,214,72,74,0,363,365,377,249,251,248,42,74,216,214,0,377,383,363,248,247,249,42,213,76,72,0,359,358,365,245,244,251,42,72,217,213,0,365,366,359,251,252,245,42,212,179,184,0,412,76,331,280,67,226,42,184,223,212,0,331,410,412,226,278,280,42,219,182,179,0,413,96,76,281,79,67,42,179,212,219,0,76,412,413,67,280,281,42,211,214,71,0,364,363,332,250,249,227,42,71,66,211,0,332,16,364,227,16,250,42,217,211,66,0,366,364,16,252,250,16,42,66,69,217,0,16,36,366,16,34,252,42,218,184,180,0,409,334,321,277,226,220,42,180,210,218,0,321,407,409,220,275,277,42,210,215,188,0,407,415,414,275,283,282,42,188,187,210,0,414,408,407,282,276,275,42,75,6,221,0,375,198,367,259,147,253,42,69,68,213,0,36,200,359,34,149,245,42,182,222,181,0,96,405,302,79,273,211,42,180,101,215,0,321,300,415,220,209,283,42,249,251,162,0,292,297,296,201,206,205,42,162,160,249,0,296,293,292,205,202,201,42,250,47,49,0,191,193,186,140,142,137,42,49,247,250,0,186,195,191,137,144,140,42,244,51,47,0,183,185,348,134,136,142,42,47,246,244,0,348,379,183,142,141,134,42,248,242,160,0,286,426,395,197,203,202,42,160,164,248,0,395,287,286,202,198,197,42,243,155,153,0,288,338,283,199,230,195,42,164,155,243,0,287,338,288,198,230,199,42,252,40,42,0,184,180,339,135,132,231,42,51,252,42,0,185,184,339,136,135,231,42,18,119,129,0,10,8,21,10,8,21,42,120,129,119,0,71,82,68,62,21,8],
            "animations": [],
            "influencesPerVertex": 2,
            "normals": [-0.585833,0.799493,0.132603,0.002167,0.925382,0.378948,-0.002441,0.884243,-0.466994,0,0.998627,-0.052248,0.64098,0.733085,-0.227302,0.724998,0.676809,-0.127506,0.859828,-0.154454,-0.486587,0.57622,-0.566637,-0.588946,0,-0.551836,-0.833918,0.715079,0.580493,-0.389416,0.580432,-0.076449,-0.810663,0.942473,0.112888,-0.314554,0.746147,0.60567,-0.276345,0.983367,0.158788,-0.087985,-0.463179,0.401349,-0.790124,-0.661824,0.439406,-0.607318,-0.779809,0.277596,-0.561083,0.177374,-0.642506,-0.745445,0.880215,-0.015381,-0.474319,0.456618,-0.810999,-0.365703,0,0.996612,-0.082156,0,0.606464,-0.795099,0,0.867489,-0.497421,0.29899,0.367046,0.880825,-0.083285,0.793939,0.602252,0.33549,0.65688,-0.675192,0.176519,0.983184,0.046693,0,0.999512,0.031098,0,0.997375,0.072329,0.069002,0.980987,0.181219,0,0.981079,0.193548,-0.888333,-0.021973,0.458602,-0.854335,0.393078,-0.339915,-0.853084,0.495285,0.164068,-0.961882,0.233741,0.141881,0.518967,0.84051,-0.155492,0,0.976959,-0.213385,0.591906,0.602008,0.535905,0.929167,0.359539,0.085757,0,-0.745872,0.666066,0.86108,-0.307505,0.404859,0.608661,-0.043245,0.79223,0.410657,0.911008,0.037416,0.588763,0.807489,0.03589,0.079562,0.834986,0.54445,0,0.867977,-0.496567,-0.128483,0.83282,-0.538377,0.380657,0.575579,-0.723716,0.599963,0.614154,-0.51265,0.831019,0.432875,-0.349223,-0.117985,0.981567,-0.150151,0,0.991394,0.130772,0.553972,0.761437,-0.336619,0,-0.370067,0.928983,0,0.871181,0.49089,0.585711,0.799646,0.132145,0,0.767174,-0.641407,-0.724998,0.676809,-0.127506,-0.64098,0.733085,-0.227302,-0.859828,-0.154454,-0.486587,-0.57622,-0.566637,-0.588946,-0.715079,0.580493,-0.389416,-0.580432,-0.076449,-0.810663,-0.942473,0.112888,-0.314554,-0.746147,0.60567,-0.276345,-0.983367,0.158788,-0.087985,0.463179,0.401349,-0.790124,0.779809,0.277596,-0.561083,0.661824,0.439406,-0.607318,-0.177374,-0.642506,-0.745445,-0.456618,-0.810999,-0.365703,-0.880215,-0.015381,-0.474319,-0.303629,0.375286,0.875759,0.076205,0.794763,0.602069,-0.176519,0.983184,0.046693,-0.33549,0.65688,-0.675192,-0.069002,0.980987,0.181219,0.888333,-0.021973,0.458602,0.854335,0.393078,-0.339915,0.961882,0.233741,0.141881,0.853084,0.495285,0.164068,-0.518967,0.84051,-0.155492,-0.591906,0.602008,0.535905,-0.929167,0.359539,0.085757,-0.608661,-0.043245,0.79223,-0.86108,-0.307505,0.404859,-0.410657,0.911008,0.037416,-0.079562,0.834986,0.54445,-0.588763,0.807489,0.03589,-0.380688,0.575579,-0.723716,0.128483,0.83282,-0.538377,-0.599963,0.614154,-0.51265,-0.831019,0.432875,-0.349223,0.117985,0.981567,-0.150151,-0.56035,0.755486,-0.339396,-0.941618,0.320109,-0.104129,0.941618,0.320109,-0.104129,0.00058,0.524064,-0.85165,0.655477,0.379437,-0.652943,0.827326,0.560045,0.043062,0.92056,0.340831,0.19071,0,-0.999756,-0.020783,0,-0.999084,-0.042543,0.543687,-0.83871,-0.030519,0.820093,-0.569628,0.054048,0.706931,-0.509995,0.489975,0.874386,0.009949,0.485092,0.894528,0.010102,0.446852,0.997955,-0.062624,0.012665,0.574328,0.228797,0.785974,0.866604,-0.494339,0.067782,0,-0.957183,0.289407,0,-0.948363,0.317118,0.998901,-0.042573,-0.019288,0.733634,-0.640858,0.225959,0.976897,-0.192389,0.092898,0.327097,-0.895383,0.302072,0,-0.997803,0.066042,0,-0.858272,-0.513169,0.363292,-0.610248,-0.70397,0,-0.726981,-0.686636,0.934477,0.26249,-0.240425,0.723167,0.3979,-0.56447,0.607868,0.669027,-0.427595,0.827326,-0.558794,0.057009,0,-0.99237,0.123051,0,-0.983245,0.182257,0,-0.991607,0.129063,0.000824,-0.833735,0.55211,-0.003388,-0.644307,0.764733,0.975372,0.20365,-0.084445,0.06003,0.537278,-0.841243,0.867428,-0.029206,0.496658,0.051363,-0.071444,0.996094,0.711478,-0.219672,0.66744,0.871273,-0.141606,0.469893,0.829554,0.042604,0.556749,-0.880093,0.033479,0.473617,-0.834254,0.266915,-0.482437,-0.952574,0.253304,-0.168493,-0.684622,-0.225288,0.693167,0.007569,-0.30726,0.951567,0.011231,-0.013459,0.999817,-0.992615,0.117618,0.028657,-0.852626,-0.155736,0.498733,0.415784,0.656697,-0.629139,0.996124,0.074129,0.047121,0.820948,0.085452,0.564531,-0.426344,0.344615,0.836329,-0.320292,0.11243,0.940611,-0.936949,0.22544,-0.266915,-0.855617,0.216529,-0.470077,-0.047212,0.404065,-0.91348,0.005982,-0.836726,0.547563,0.591418,-0.47734,0.649831,0.812738,-0.489639,0.315683,0.97763,0.194586,-0.079714,0.99469,-0.009796,-0.102268,-0.900449,0.013794,0.434706,-0.593982,-0.477523,0.647389,-0.808924,-0.490555,0.323923,-0.994598,-0.000366,-0.103702,0.935911,-0.265633,0.231178,0,0.824335,-0.566088,0.615741,-0.62157,0.484207,0.982604,-0.176061,0.058931,0.047212,0.404065,-0.91348,0.99469,0.102847,0.000397,0.831141,-0.546525,0.102329,0.826472,-0.562792,-0.013916,0.906552,0.123539,-0.403546,-0.649861,0.386456,-0.654439,-0.919889,0.342296,0.191351,-0.827326,0.560045,0.043062,-0.820093,-0.569628,0.054048,-0.543687,-0.83871,-0.030519,-0.998108,-0.060884,-0.005676,-0.999725,0.017762,-0.013886,-0.998901,-0.042573,-0.019288,-0.70806,-0.512833,0.485366,-0.880154,0.011139,0.474502,-0.997955,-0.062624,0.012665,-0.574328,0.228797,0.785974,-0.866604,-0.494339,0.067782,-0.733634,-0.640858,0.225959,-0.976897,-0.192389,0.092898,-0.327097,-0.895383,0.302072,0.93701,0.230323,-0.262581,-0.363292,-0.610248,-0.70397,-0.934477,0.26249,-0.240425,-0.723167,0.3979,-0.56447,-0.607868,0.669027,-0.427595,-0.827326,-0.558794,0.057009,-0.975372,0.20365,-0.084445,-0.06003,0.537278,-0.841243,-0.867428,-0.029206,0.496658,-0.051332,-0.071444,0.996094,-0.711478,-0.219672,0.66744,-0.829554,0.042604,0.556749,-0.871273,-0.141606,0.469893,0.834254,0.266915,-0.482437,0.684622,-0.225288,0.693167,-0.011231,-0.013459,0.999817,-0.007569,-0.307291,0.951567,0.992615,0.117618,0.028657,0.880093,0.033479,0.473586,0.852626,-0.155736,0.498733,-0.415784,0.656697,-0.629139,0.952574,0.253304,-0.168493,-0.820948,0.085452,0.564531,-0.99292,0.098453,0.066195,0.320292,0.11243,0.940611,0.426344,0.344615,0.836329,-0.935392,-0.265297,0.233711,-0.977355,0.196204,-0.079043,-0.615741,-0.62157,0.484207,-0.982604,-0.176061,0.058931,-0.99469,0.102847,0.000397,-0.831141,-0.546525,0.102329,-0.826472,-0.562792,-0.013916,-0.906552,0.123539,-0.403546,-0.997986,-0.063234,-0.004334,-0.996582,-0.082308,0.005615,0.997986,-0.063234,-0.004334,0.996673,-0.081271,0.004608,0.876186,0.180853,-0.446699,-0.08005,0.297281,-0.951415,0.08005,0.297281,-0.951415,0.99881,0.032716,-0.036103,0.998199,-0.059725,-0.004883,-0.99881,0.044435,-0.019074,0.99881,0.044435,-0.019074,0.415693,0.136631,-0.899167,-0.961028,0.076327,0.265664,0.992859,0.07416,0.093387,0.023041,0.683126,0.729911,0.985351,0.062227,0.158635,-0.625843,-0.184118,-0.757897,-0.470016,0.342906,-0.813288,-0.757317,0.645436,0.099185,0.760186,0.643422,0.089877,0.447768,0.331523,-0.830378,0.085482,-0.465682,-0.880795,0.344066,0.200812,0.917203,-0.429395,0.150578,0.890469,-0.81106,0.076815,0.579882,0.788415,0.066225,-0.61153,-0.028809,0.088351,-0.995666,0.047426,-0.416944,-0.907682,-0.696982,0.088198,-0.7116,-0.833369,0.088961,-0.545457,-0.999664,-0.021912,0.013337,-0.98413,0.064425,0.165319,0.945952,0.05707,-0.319224,-0.815394,0.234809,-0.529099,-0.582232,0.647206,0.491989,0.594317,0.639607,0.487472,0.831111,0.400128,-0.386181,0.861263,0.138279,0.488968,0.941893,-0.080416,-0.326121,0.102176,0.370708,-0.923093,-0.415693,0.136631,-0.899167,0.961028,0.076327,0.265664,-0.992859,0.07416,0.093387,-0.023072,0.683126,0.729911,-0.985351,0.062227,0.158635,0.625843,-0.184118,-0.757897,0.470016,0.342906,-0.813288,0.757317,0.645436,0.099185,-0.760186,0.643422,0.089877,-0.447768,0.331523,-0.830378,-0.085482,-0.465682,-0.880795,-0.344066,0.200812,0.917203,0.81106,0.076815,0.579882,0.429395,0.150578,0.890469,-0.788415,0.066225,-0.61153,-0.047426,-0.416944,-0.907682,0.028809,0.088351,-0.995666,0.696982,0.088198,-0.7116,0.999664,-0.021912,0.013367,0.833369,0.088961,-0.545457,0.98413,0.064425,0.165319,-0.941893,-0.080416,-0.326121,-0.945952,0.05707,-0.319224,0.815394,0.234809,-0.529099,0.582232,0.647206,0.491989,-0.831111,0.400128,-0.386181,-0.594317,0.639607,0.487472,-0.861263,0.138279,0.488968,-0.102176,0.370708,-0.923093]
        },
        "type": "Geometry",
        "uuid": "7CCB042E-F3B5-326C-A20A-C5340F684067",
        "materials": [{
            "opacity": 1,
            "DbgColor": 15658734,
            "DbgName": "fox_material",
            "depthWrite": true,
            "colorEmissive": [0,0,0],
            "visible": true,
            "mapDiffuseWrap": ["RepeatWrapping","RepeatWrapping"],
            "wireframe": false,
            "colorSpecular": [0.089804,0.089804,0.089804],
            "colorAmbient": [1,1,1],
            "mapDiffuseAnisotropy": 1,
            "depthTest": true,
            "mapDiffuseRepeat": [1,1],
            "blending": "NormalBlending",
            "DbgIndex": 0,
            "shading": "phong",
            "mapDiffuse": "texture.png",
            "specularCoef": 50,
            "doubleSided": true,
            "colorDiffuse": [1,1,1],
            "transparent": false
        }]
    }],
    "images": [{
        "name": "texture.png",
        "url": "texture.png",
        "uuid": "1DD3E06D-006E-30DB-A800-100C0685844A"
    }],
    "animations": [{
        "tracks": [],
        "name": "default",
        "fps": 29
    }]
}